Workbook
Name ExcelMajorVersion: 'Check Digit'!$I$27

Sheet Inventory
A1: Inventory Items | F1: Check Digit: | G1: =IFERROR(ROUND(J18,0)-(TODAY()-42947),"") -> 17 | I1: Today's Date: | J1: =TODAY() -> 46085
A3: Part Number | B3: Part Description | C3: Material | D3: Material Code | E3: Distributor Name | F3: Distributor Address | G3: Unit Price | H3: Units in Stock | I3: Date of Last Order | J3: Days Since Last Order
A4: 2425 | B4: Solar Glass (Low Iron Tempered), 34" x 96" | C4: Glass | D4: 07 | E4: Dynamics LTD | F4: 310 Wattle StUltimo, 2007, NSW | G4: 81 | H4: 41 | I4: 42913 | J4: =TODAY()-I4 -> 3172
A5: 2213 | B5: Aluminum 6061-T6 Bare Sheet, PVC 1 side, 0.032" thick, 36" x 48" | C5: Aluminum | D5: 01 | E5: Metals Online | F5: 222 Barkly StSt Kilda, 3182, VIC | G5: 32.77 | H5: 33 | I5: 42936 | J5: =TODAY()-I5 -> 3149
A6: 2381 | B6: LEXAN Polycarbonate Sheet, 72" x 36" | C6: Polycarbonate | D6: 12 | E6: Harrison Online Depot | F6: 359 Crown StreetSurry Hills, 2010, NSW | G6: 49.97 | H6: 23 | I6: 42931 | J6: =TODAY()-I6 -> 3154
A7: 2097 | B7: Washer, (Fluorosilicone) 5/32" | C7: Rubber | D7: 15 | E7: Penshurst Supplies | F7: 501 George StSydney, 2000, NSW | G7: 7.6 | H7: 32 | I7: 42921 | J7: =TODAY()-I7 -> 3164
A8: 2073 | B8: Sealant/Caulking, 2.8oz tube | C8: Silicon | D8: 17 | E8: Penshurst Supplies | F8: 501 George StSydney, 2000, NSW | G8: 4.29 | H8: 13 | I8: 42904 | J8: =TODAY()-I8 -> 3181
A9: 2290 | B9: Aluminum 6061-T6, Bare Extruded Angle, 1" x 1" x 0.125", 24" long | C9: Aluminum | D9: 01 | E9: Metals Online | F9: 222 Barkly StSt Kilda, 3182, VIC | G9: 2.63 | H9: 6 | I9: 42946 | J9: =TODAY()-I9 -> 3139
A10: 2850 | B10: Quick-Disconnect Tube Couplings, Thick | C10: Plastic | D10: 11 | E10: Penshurst Supplies | F10: 501 George StSydney, 2000, NSW | G10: 14.86 | H10: 31 | I10: 42939 | J10: =TODAY()-I10 -> 3146
A11: 2369 | B11: Mini Adjustable Float Valve, 1/4" ID | C11: Plastic | D11: 11 | E11: FreshWaterSystems.com | F11: 506 Swan StreetRichmond, 3121, VIC | G11: 10.98 | H11: 0 | I11: 42938 | J11: =TODAY()-I11 -> 3147
A12: 2082 | B12: Closed Cell Foam, 1.7 Lb Density, 1" Thick, 108" x 24" | C12: Polyethylene | D12: 13 | E12: Foam Factory | F12: 2/797 Botany RdRosebery, 2018, NSW | G12: 32.99 | H12: 23 | I12: 42902 | J12: =TODAY()-I12 -> 3183
A13: 2485 | B13: Draw Latches, 1 31/64", Zinc-Plated | C13: Steel | D13: 19 | E13: Penshurst Supplies | F13: 501 George StSydney, 2000, NSW | G13: 5.73 | H13: 28 | I13: 42918 | J13: =TODAY()-I13 -> 3167
A14: 2900 | B14: Tropic Marin Sea Salt, 50 Gallon Mix | C14: Salt | D14: 16 | E14: Aquarium Specialty | F14: 180 High StreetWindsor, 3181, VIC | G14: 18.9 | H14: 38 | I14: 42923 | J14: =TODAY()-I14 -> 3162
A15: 2255 | B15: Cap Screws, 1/4"-20, 3/4" Length, Pack of 10 Stainless | C15: Steel | D15: 19 | E15: Penshurst Supplies | F15: 501 George StSydney, 2000, NSW | G15: 6.74 | H15: 27 | I15: 42906 | J15: =TODAY()-I15 -> 3179
... A35: 2288 | B35: Sealant/Caulking, 2.8oz tube | C35: Silicon | D35: 17 | E35: Penshurst Supplies | F35: 501 George StSydney, 2000, NSW | G35: 4.29 | H35: 8 | I35: 42934 | J35: =TODAY()-I35 -> 3151

Sheet For Printing
A1: Inventory Item Labels
A4: Part Code | B4: Material | C4: Distributor Code | D4: Part Description | E4: Shipped From | G4: Check Digits
A5: =_xlfn.CONCAT("SKU-", Inventory!D4, "-", Inventory!A4) -> SKU-07-2425 | B5: =UPPER(Inventory!C4) -> GLASS | C5: =LOWER(LEFT(Inventory!E4, 5)) -> dynam | D5: =LEFT(Inventory!B4, FIND(",", Inventory!B4)-1) -> Solar Glass (Low Iron Tempered) | E5: =MID(Inventory!F4, FIND(",", Inventory!F4)+2, 4) -> 2007 | G5: 1 | H5: {=TRANSPOSE('Check Digit'!B23:F23)} -> 1767
A6: =_xlfn.CONCAT("SKU-", Inventory!D5, "-", Inventory!A5) -> SKU-01-2213 | B6: =UPPER(Inventory!C5) -> ALUMINUM | C6: =LOWER(LEFT(Inventory!E5, 5)) -> metal | D6: =LEFT(Inventory!B5, FIND(",", Inventory!B5)-1) -> Aluminum 6061-T6 Bare Sheet | E6: =MID(Inventory!F5, FIND(",", Inventory!F5)+2, 4) -> 3182 | G6: 2 | H6: 5827
A7: =_xlfn.CONCAT("SKU-", Inventory!D6, "-", Inventory!A6) -> SKU-12-2381 | B7: =UPPER(Inventory!C6) -> POLYCARBONATE | C7: =LOWER(LEFT(Inventory!E6, 5)) -> harri | D7: =LEFT(Inventory!B6, FIND(",", Inventory!B6)-1) -> LEXAN Polycarbonate Sheet | E7: =MID(Inventory!F6, FIND(",", Inventory!F6)+2, 4) -> 2010 | G7: 3 | H7: 6275
A8: =_xlfn.CONCAT("SKU-", Inventory!D7, "-", Inventory!A7) -> SKU-15-2097 | B8: =UPPER(Inventory!C7) -> RUBBER | C8: =LOWER(LEFT(Inventory!E7, 5)) -> pensh | D8: =LEFT(Inventory!B7, FIND(",", Inventory!B7)-1) -> Washer | E8: =MID(Inventory!F7, FIND(",", Inventory!F7)+2, 4) -> 2000 | G8: 4 | H8: 3203
A9: =_xlfn.CONCAT("SKU-", Inventory!D8, "-", Inventory!A8) -> SKU-17-2073 | B9: =UPPER(Inventory!C8) -> SILICON | C9: =LOWER(LEFT(Inventory!E8, 5)) -> pensh | D9: =LEFT(Inventory!B8, FIND(",", Inventory!B8)-1) -> Sealant/Caulking | E9: =MID(Inventory!F8, FIND(",", Inventory!F8)+2, 4) -> 2000 | G9: 5 | H9: 6536
A10: =_xlfn.CONCAT("SKU-", Inventory!D9, "-", Inventory!A9) -> SKU-01-2290 | B10: =UPPER(Inventory!C9) -> ALUMINUM | C10: =LOWER(LEFT(Inventory!E9, 5)) -> metal | D10: =LEFT(Inventory!B9, FIND(",", Inventory!B9)-1) -> Aluminum 6061-T6 | E10: =MID(Inventory!F9, FIND(",", Inventory!F9)+2, 4) -> 3182
A11: =_xlfn.CONCAT("SKU-", Inventory!D10, "-", Inventory!A10) -> SKU-11-2850 | B11: =UPPER(Inventory!C10) -> PLASTIC | C11: =LOWER(LEFT(Inventory!E10, 5)) -> pensh | D11: =LEFT(Inventory!B10, FIND(",", Inventory!B10)-1) -> Quick-Disconnect Tube Couplings | E11: =MID(Inventory!F10, FIND(",", Inventory!F10)+2, 4) -> 2000
A12: =_xlfn.CONCAT("SKU-", Inventory!D11, "-", Inventory!A11) -> SKU-11-2369 | B12: =UPPER(Inventory!C11) -> PLASTIC | C12: =LOWER(LEFT(Inventory!E11, 5)) -> fresh | D12: =LEFT(Inventory!B11, FIND(",", Inventory!B11)-1) -> Mini Adjustable Float Valve | E12: =MID(Inventory!F11, FIND(",", Inventory!F11)+2, 4) -> 3121
A13: =_xlfn.CONCAT("SKU-", Inventory!D12, "-", Inventory!A12) -> SKU-13-2082 | B13: =UPPER(Inventory!C12) -> POLYETHYLENE | C13: =LOWER(LEFT(Inventory!E12, 5)) -> foam | D13: =LEFT(Inventory!B12, FIND(",", Inventory!B12)-1) -> Closed Cell Foam | E13: =MID(Inventory!F12, FIND(",", Inventory!F12)+2, 4) -> 2018
A14: =_xlfn.CONCAT("SKU-", Inventory!D13, "-", Inventory!A13) -> SKU-19-2485 | B14: =UPPER(Inventory!C13) -> STEEL | C14: =LOWER(LEFT(Inventory!E13, 5)) -> pensh | D14: =LEFT(Inventory!B13, FIND(",", Inventory!B13)-1) -> Draw Latches | E14: =MID(Inventory!F13, FIND(",", Inventory!F13)+2, 4) -> 2000
A15: =_xlfn.CONCAT("SKU-", Inventory!D14, "-", Inventory!A14) -> SKU-16-2900 | B15: =UPPER(Inventory!C14) -> SALT | C15: =LOWER(LEFT(Inventory!E14, 5)) -> aquar | D15: =LEFT(Inventory!B14, FIND(",", Inventory!B14)-1) -> Tropic Marin Sea Salt | E15: =MID(Inventory!F14, FIND(",", Inventory!F14)+2, 4) -> 3181
A16: =_xlfn.CONCAT("SKU-", Inventory!D15, "-", Inventory!A15) -> SKU-19-2255 | B16: =UPPER(Inventory!C15) -> STEEL | C16: =LOWER(LEFT(Inventory!E15, 5)) -> pensh | D16: =LEFT(Inventory!B15, FIND(",", Inventory!B15)-1) -> Cap Screws | E16: =MID(Inventory!F15, FIND(",", Inventory!F15)+2, 4) -> 2000
A17: =_xlfn.CONCAT("SKU-", Inventory!D16, "-", Inventory!A16) -> SKU-19-2568 | B17: =UPPER(Inventory!C16) -> STEEL | C17: =LOWER(LEFT(Inventory!E16, 5)) -> pensh | D17: =LEFT(Inventory!B16, FIND(",", Inventory!B16)-1) -> Cap Screws | E17: =MID(Inventory!F16, FIND(",", Inventory!F16)+2, 4) -> 2000
A18: =_xlfn.CONCAT("SKU-", Inventory!D17, "-", Inventory!A17) -> SKU-19-2676 | B18: =UPPER(Inventory!C17) -> STEEL | C18: =LOWER(LEFT(Inventory!E17, 5)) -> pensh | D18: =LEFT(Inventory!B17, FIND(",", Inventory!B17)-1) -> Cap Screws | E18: =MID(Inventory!F17, FIND(",", Inventory!F17)+2, 4) -> 2000
A19: =_xlfn.CONCAT("SKU-", Inventory!D18, "-", Inventory!A18) -> SKU-15-2658 | B19: =UPPER(Inventory!C18) -> RUBBER | C19: =LOWER(LEFT(Inventory!E18, 5)) -> garlo | D19: =LEFT(Inventory!B18, FIND(",", Inventory!B18)-1) -> Red SBR Rubber Sheet (Custom Cut Gasket) | E19: =MID(Inventory!F18, FIND(",", Inventory!F18)+2, 4) -> 2135
A20: =_xlfn.CONCAT("SKU-", Inventory!D19, "-", Inventory!A19) -> SKU-09-2350 | B20: =UPPER(Inventory!C19) -> PAINT | C20: =LOWER(LEFT(Inventory!E19, 5)) -> harri | D20: =LEFT(Inventory!B19, FIND(",", Inventory!B19)-1) -> Rust-Oleum | E20: =MID(Inventory!F19, FIND(",", Inventory!F19)+2, 4) -> 2010
A21: =_xlfn.CONCAT("SKU-", Inventory!D20, "-", Inventory!A20) -> SKU-11-2252 | B21: =UPPER(Inventory!C20) -> PLASTIC | C21: =LOWER(LEFT(Inventory!E20, 5)) -> fisch | D21: =LEFT(Inventory!B20, FIND(",", Inventory!B20)-1) -> Containment Unit | E21: =MID(Inventory!F20, FIND(",", Inventory!F20)+2, 4) -> 2000
... A36: =_xlfn.CONCAT("SKU-", Inventory!D35, "-", Inventory!A35) -> SKU-17-2288 | B36: =UPPER(Inventory!C35) -> SILICON | C36: =LOWER(LEFT(Inventory!E35, 5)) -> pensh | D36: =LEFT(Inventory!B35, FIND(",", Inventory!B35)-1) -> Sealant/Caulking | E36: =MID(Inventory!F35, FIND(",", Inventory!F35)+2, 4) -> 2000

Sheet Check Digit
A1: Inventory Item Labels
A4: Part Code | B4: Material | C4: Distributor Code | D4: Part Description | E4: Shipped From
A5: ="SKU"&"-"&Inventory!D4&"-"&Inventory!A4 -> SKU-07-2425 | B5: =UPPER(Inventory!C4) -> GLASS | C5: =LOWER(LEFT(Inventory!E4,5)) -> dynam | D5: =LEFT(Inventory!B4,FIND(",",Inventory!B4)-1) -> Solar Glass (Low Iron Tempered) | E5: =RIGHT(Inventory!F4,3)&MID(Inventory!F4,FIND(",",Inventory!F4)+2,4) -> NSW2007
A6: ="SKU"&"-"&Inventory!D5&"-"&Inventory!A5 -> SKU-01-2213 | B6: =UPPER(Inventory!C5) -> ALUMINUM | C6: =LOWER(LEFT(Inventory!E5,5)) -> metal | D6: =LEFT(Inventory!B5,FIND(",",Inventory!B5)-1) -> Aluminum 6061-T6 Bare Sheet | E6: =RIGHT(Inventory!F5,3)&MID(Inventory!F5,FIND(",",Inventory!F5)+2,4) -> VIC3182
A7: ="SKU"&"-"&Inventory!D6&"-"&Inventory!A6 -> SKU-12-2381 | B7: =UPPER(Inventory!C6) -> POLYCARBONATE | C7: =LOWER(LEFT(Inventory!E6,5)) -> harri | D7: =LEFT(Inventory!B6,FIND(",",Inventory!B6)-1) -> LEXAN Polycarbonate Sheet | E7: =RIGHT(Inventory!F6,3)&MID(Inventory!F6,FIND(",",Inventory!F6)+2,4) -> NSW2010
A8: ="SKU"&"-"&Inventory!D7&"-"&Inventory!A7 -> SKU-15-2097 | B8: =UPPER(Inventory!C7) -> RUBBER | C8: =LOWER(LEFT(Inventory!E7,5)) -> pensh | D8: =LEFT(Inventory!B7,FIND(",",Inventory!B7)-1) -> Washer | E8: =RIGHT(Inventory!F7,3)&MID(Inventory!F7,FIND(",",Inventory!F7)+2,4) -> NSW2000
A9: ="SKU"&"-"&Inventory!D8&"-"&Inventory!A8 -> SKU-17-2073 | B9: =UPPER(Inventory!C8) -> SILICON | C9: =LOWER(LEFT(Inventory!E8,5)) -> pensh | D9: =LEFT(Inventory!B8,FIND(",",Inventory!B8)-1) -> Sealant/Caulking | E9: =RIGHT(Inventory!F8,3)&MID(Inventory!F8,FIND(",",Inventory!F8)+2,4) -> NSW2000
A10: ="SKU"&"-"&Inventory!D9&"-"&Inventory!A9 -> SKU-01-2290 | B10: =UPPER(Inventory!C9) -> ALUMINUM | C10: =LOWER(LEFT(Inventory!E9,5)) -> metal | D10: =LEFT(Inventory!B9,FIND(",",Inventory!B9)-1) -> Aluminum 6061-T6 | E10: =RIGHT(Inventory!F9,3)&MID(Inventory!F9,FIND(",",Inventory!F9)+2,4) -> VIC3182
A11: ="SKU"&"-"&Inventory!D10&"-"&Inventory!A10 -> SKU-11-2850 | B11: =UPPER(Inventory!C10) -> PLASTIC | C11: =LOWER(LEFT(Inventory!E10,5)) -> pensh | D11: =LEFT(Inventory!B10,FIND(",",Inventory!B10)-1) -> Quick-Disconnect Tube Couplings | E11: =RIGHT(Inventory!F10,3)&MID(Inventory!F10,FIND(",",Inventory!F10)+2,4) -> NSW2000
A12: ="SKU"&"-"&Inventory!D11&"-"&Inventory!A11 -> SKU-11-2369 | B12: =UPPER(Inventory!C11) -> PLASTIC | C12: =LOWER(LEFT(Inventory!E11,5)) -> fresh | D12: =LEFT(Inventory!B11,FIND(",",Inventory!B11)-1) -> Mini Adjustable Float Valve | E12: =RIGHT(Inventory!F11,3)&MID(Inventory!F11,FIND(",",Inventory!F11)+2,4) -> VIC3121
A13: ="SKU"&"-"&Inventory!D12&"-"&Inventory!A12 -> SKU-13-2082 | B13: =UPPER(Inventory!C12) -> POLYETHYLENE | C13: =LOWER(LEFT(Inventory!E12,5)) -> foam | D13: =LEFT(Inventory!B12,FIND(",",Inventory!B12)-1) -> Closed Cell Foam | E13: =RIGHT(Inventory!F12,3)&MID(Inventory!F12,FIND(",",Inventory!F12)+2,4) -> NSW2018
A14: ="SKU"&"-"&Inventory!D13&"-"&Inventory!A13 -> SKU-19-2485 | B14: =UPPER(Inventory!C13) -> STEEL | C14: =LOWER(LEFT(Inventory!E13,5)) -> pensh | D14: =LEFT(Inventory!B13,FIND(",",Inventory!B13)-1) -> Draw Latches | E14: =RIGHT(Inventory!F13,3)&MID(Inventory!F13,FIND(",",Inventory!F13)+2,4) -> NSW2000
A15: ="SKU"&"-"&Inventory!D14&"-"&Inventory!A14 -> SKU-16-2900 | B15: =UPPER(Inventory!C14) -> SALT | C15: =LOWER(LEFT(Inventory!E14,5)) -> aquar | D15: =LEFT(Inventory!B14,FIND(",",Inventory!B14)-1) -> Tropic Marin Sea Salt | E15: =RIGHT(Inventory!F14,3)&MID(Inventory!F14,FIND(",",Inventory!F14)+2,4) -> VIC3181
B17: Q3 | C17: Q4 | D17: Q6 | E17: Q8 | F17: Q10
A18: Right | B18: 1767 | C18: 5827 | D18: 6275 | E18: 3203 | F18: 7022
A19: Wrong 1 | B19: 7385 | C19: 4147 | D19: 2783 | E19: 2790 | F19: 6536
A20: Wrong 2 | B20: 1299 | C20: 5852 | D20: 7491 | E20: 5800 | F20: 5247
A21: Wrong 3 | B21: 3287 | C21: 2614 | D21: 5566 | E21: 6986 | F21: 7560
A23: Output | B23: =IF(AND(B25,EXACT('For Printing'!A8,A8)),B18,IF(B25,B19,IF('For Printing'!A8="",B20,B21))) -> 1767 | C23: =IF(AND(C25,EXACT('For Printing'!B8,B8)),C18,IF(C25,C19,IF('For Printing'!B8="",C20,C21))) -> 5827 | D23: =IF(AND(D25,EXACT('For Printing'!C8,C8)),D18,IF(D25,D19,IF('For Printing'!C8="",D20,D21))) -> 6275 | E23: =IF(AND(E25,EXACT('For Printing'!D8,D8)),E18,IF(E25,E19,IF('For Printing'!D8="",E20,E21))) -> 3203 | F23: =IF(AND(F25,EXACT('For Printing'!E8,E8)),F18,IF(F25,F19,IF('For Printing'!E8="",F20,F21))) -> 6536
A25: Formula combined | B25: =IF(ExcelMajorVersion>=15,B28,B27) -> TRUE | C25: =IF(ExcelMajorVersion>=15,C28,C27) -> TRUE | D25: =IF(ExcelMajorVersion>=15,D28,D27) -> TRUE | E25: =IF(ExcelMajorVersion>=15,E28,E27) -> TRUE | F25: =IF(ExcelMajorVersion>=15,F28,F27) -> TRUE | H25: Excel version raw | I25: =TRIM(CLEAN(INFO("RELEASE"))) -> 16.0
H26: Major version | I26: =LEFT(I25,FIND(".",I25)-1) -> 16
A27: Formula pre-2013 | B27: TRUE | C27: TRUE | D27: TRUE | E27: TRUE | F27: TRUE | H27: As value | I27: =VALUE(I26) -> 16
A28: Formula post-2013 | B28: =IFERROR(_xlfn.ISFORMULA('For Printing'!A8),FALSE) -> TRUE | C28: =IFERROR(_xlfn.ISFORMULA('For Printing'!B8),FALSE) -> TRUE | D28: =IFERROR(_xlfn.ISFORMULA('For Printing'!C8),FALSE) -> TRUE | E28: =IFERROR(_xlfn.ISFORMULA('For Printing'!D8),FALSE) -> TRUE | F28: =IFERROR(_xlfn.ISFORMULA('For Printing'!E8),FALSE) -> TRUE
A30: Formula pre-2013 | B30: =IF(OR(ISBLANK('For Printing'!A8),CELL("prefix",'For Printing'!A8)<>""),FALSE,IF(CELL("type",'For Printing'!A8)="l",TRUE,"MAYBE")) -> TRUE | C30: =IF(OR(ISBLANK('For Printing'!B8),CELL("prefix",'For Printing'!B8)<>""),FALSE,IF(CELL("type",'For Printing'!B8)="l",TRUE,"MAYBE")) -> TRUE | D30: =IF(OR(ISBLANK('For Printing'!C8),CELL("prefix",'For Printing'!C8)<>""),FALSE,IF(CELL("type",'For Printing'!C8)="l",TRUE,"MAYBE")) -> TRUE | E30: =IF(OR(ISBLANK('For Printing'!D8),CELL("prefix",'For Printing'!D8)<>""),FALSE,IF(CELL("type",'For Printing'!D8)="l",TRUE,"MAYBE")) -> TRUE | F30: =IF(OR(ISBLANK('For Printing'!E8),CELL("prefix",'For Printing'!E8)<>""),FALSE,IF(CELL("type",'For Printing'!E8)="l",TRUE,"MAYBE")) -> TRUE | G30: I don't understand this formula, so I don't trust it. I got it off Stack Overflow.
